<?xml version='1.0' encoding='UTF-8' ?>
<timeLogEntries>
  <time id="1" path="/Proyecto/PSP Fundamentals &amp; Advanced/Program 1/Planning" start="@1486326225959" delta="27" />
  <time id="2" path="/Proyecto/PSP Fundamentals &amp; Advanced/Program 1/Design" start="@1486327827004" delta="13" />
  <time id="3" path="/Proyecto/PSP Fundamentals &amp; Advanced/Program 1/Code" start="@1486328601731" delta="200" interrupt="9" comment="Interrupcion Por Llamada Telefonica" />
  <time id="4" path="/Proyecto/PSP Fundamentals &amp; Advanced/Program 1/Compile" start="@1486341144387" delta="13" />
  <time id="5" path="/Proyecto/PSP Fundamentals &amp; Advanced/Program 1/Test" start="@1486341895052" delta="6" />
  <time id="6" path="/Proyecto/PSP Fundamentals &amp; Advanced/Program 1/Postmortem" start="@1486342281735" delta="17" />
  <time id="7" path="/Proyecto/PSP Fundamentals &amp; Advanced/Program 2/Planning" start="@1487515603061" delta="131" />
  <time id="8" path="/Proyecto/PSP Fundamentals &amp; Advanced/Program 2/Design" start="@1487531156007" delta="109" interrupt="4" />
  <time id="9" path="/Proyecto/PSP Fundamentals &amp; Advanced/Program 2/Code" start="@1487537972919" delta="138" />
  <time id="10" path="/Proyecto/PSP Fundamentals &amp; Advanced/Program 2/Code" start="@1487551849965" delta="76" />
  <time id="11" path="/Proyecto/PSP Fundamentals &amp; Advanced/Program 2/Compile" start="@1487556457463" delta="4" />
  <time id="12" path="/Proyecto/PSP Fundamentals &amp; Advanced/Program 2/Test" start="@1487556688779" delta="34" />
  <time id="13" path="/Proyecto/PSP Fundamentals &amp; Advanced/Program 2/Postmortem" start="@1487558715869" delta="39" interrupt="17" />
  <time id="14" path="/Proyecto/PSP Fundamentals &amp; Advanced/Program 3/Planning" start="@1488780596269" delta="88" />
  <time id="15" path="/Proyecto/PSP Fundamentals &amp; Advanced/Program 3/Design" start="@1488785932136" delta="8" />
  <time id="16" path="/Proyecto/PSP Fundamentals &amp; Advanced/Program 3/Design" start="@1488787316730" delta="1" />
  <time id="17" path="/Proyecto/PSP Fundamentals &amp; Advanced/Program 3/Design Review" start="@1488787349902" delta="3" />
  <time id="18" path="/Proyecto/PSP Fundamentals &amp; Advanced/Program 3/Design Review" start="@1488792118638" delta="77" />
  <time id="19" path="/Proyecto/PSP Fundamentals &amp; Advanced/Program 3/Code" start="@1488844833481" delta="61" />
  <time id="20" path="/Proyecto/PSP Fundamentals &amp; Advanced/Program 3/Code Review" start="@1488848497492" delta="74" />
  <time id="21" path="/Proyecto/PSP Fundamentals &amp; Advanced/Program 3/Compile" start="@1488852945137" delta="26" />
  <time id="22" path="/Proyecto/PSP Fundamentals &amp; Advanced/Program 3/Test" start="@1488854531947" delta="22" interrupt="29" />
  <time id="23" path="/Proyecto/PSP Fundamentals &amp; Advanced/Program 3/Postmortem" start="@1488857618703" delta="16" />
  <time id="24" path="/Proyecto/PSP Fundamentals &amp; Advanced/Program 3/Postmortem" start="@1488880285467" delta="50" />
  <time id="25" path="/Proyecto/PSP Fundamentals &amp; Advanced/Program 4/Planning" start="@1489878102229" delta="84" />
  <time id="26" path="/Proyecto/PSP Fundamentals &amp; Advanced/Program 4/Design" start="@1489883167497" delta="9" />
  <time id="27" path="/Proyecto/PSP Fundamentals &amp; Advanced/Program 4/Design Review" start="@1489883683199" delta="20" />
  <time id="28" path="/Proyecto/PSP Fundamentals &amp; Advanced/Program 4/Code" start="@1489893466380" delta="31" />
  <time id="29" path="/Proyecto/PSP Fundamentals &amp; Advanced/Program 4/Code Review" start="@1489895344129" delta="7" />
  <time id="30" path="/Proyecto/PSP Fundamentals &amp; Advanced/Program 4/Test" start="@1489895792977" delta="5" interrupt="3" />
  <time id="31" path="/Proyecto/PSP Fundamentals &amp; Advanced/Program 4/Postmortem" start="@1489980923823" delta="27" />
</timeLogEntries>
